Start,End,Sequence,Charge,Search RT,Actual RT,# Spectra,Peak Width,m/z Shift,Max Inty,Exp Cent,Theor Cent,Score,Cent Diff,# Deut,Deut %,Confidence
2,21,GSSHHHHHHSSGLVPRGSHM,2,6.75,6.01-6.04,6,0.070,-0.003,376945,1093.695,1093.735,0.9229,2.226,4.452,103.081,Medium
2,21,GSSHHHHHHSSGLVPRGSHM,3,6.75,5.91-5.92,5,0.037,-0.002,719138,729.525,729.547,0.9116,1.428,4.283,109.009,Medium
2,21,GSSHHHHHHSSGLVPRGSHM,4,6.75,5.93-5.95,6,0.024,-0.002,1109112,547.360,547.373,0.9140,1.036,4.145,103.898,High
2,28,GSSHHHHHHSSGLVPRGSHMAESSDKL,2,7.78,0.00-0.00,0,,,,,,0.0000,,,,Low
2,28,GSSHHHHHHSSGLVPRGSHMAESSDKL,3,7.78,6.95-7.06,26,0.058,-0.003,5234273,974.141,974.151,0.9256,2.512,7.537,114.716,High
2,28,GSSHHHHHHSSGLVPRGSHMAESSDKL,4,7.78,6.84-6.93,21,0.040,-0.003,8789841,730.892,730.917,0.8854,1.876,7.506,100.216,Medium
2,28,GSSHHHHHHSSGLVPRGSHMAESSDKL,5,7.78,6.84-7.00,37,0.027,-0.003,3775176,584.924,584.938,0.9054,1.535,7.677,113.442,High
22,28,AESSDKL,1,5.68,4.82-5.86,234,0.039,-0.004,18067991,752.276,752.245,0.8259,2.532,2.532,101.976,Medium
22,28,AESSDKL,2,5.68,4.95-5.86,204,0.015,-0.003,20679350,376.604,376.625,0.7925,1.232,2.464,99.669,Medium
29,33,YRVEY,2,6.72,7.42-7.83,92,0.016,0.000,6378223,365.418,365.440,0.8341,0.058,0.116,5.577,Medium
29,41,YRVEYAKSGRASC,2,5.80,5.79-5.81,5,0.041,-0.001,586303,746.768,746.755,0.9102,0.981,1.961,28.847,Medium
29,41,YRVEYAKSGRASC,3,5.80,5.65-5.84,46,0.020,-0.001,3620613,498.238,498.215,0.8918,0.724,2.172,31.399,Medium
29,55,YRVEYAKSGRASCKKCSESIPKDSLRM,3,7.83,8.35-8.64,65,0.065,-0.001,4780064,1033.469,1033.451,0.9409,1.355,4.064,31.935,High
29,55,YRVEYAKSGRASCKKCSESIPKDSLRM,4,7.83,8.53-8.55,5,0.043,-0.001,2526275,775.388,775.410,0.9169,1.017,4.068,32.163,High
29,55,YRVEYAKSGRASCKKCSESIPKDSLRM,5,9.90,8.62-8.83,49,0.031,-0.001,13514705,620.556,620.455,0.8239,0.858,4.292,33.378,Low
29,55,YRVEYAKSGRASCKKCSESIPKDSLRM,6,7.83,8.50-8.62,29,0.022,-0.001,3735759,517.232,517.229,0.9327,0.662,3.975,30.952,High
29,55,YRVEYAKSGRASCKKCSESIPKDSLRM,7,7.83,8.37-8.69,73,0.019,-0.001,1286831,443.469,443.480,0.9293,0.563,3.941,30.773,Medium
59,64,VQSPMF,1,9.81,9.87-10.43,126,0.037,-0.002,110123980,710.197,710.245,0.8560,1.428,1.428,74.865,Medium
59,76,VQSPMFDGKVPHWYHFSC,3,14.90,14.81-14.88,17,0.046,0.039,616324,725.755,725.875,0.5077,2.979,8.937,124.700,Low
59,77,VQSPMFDGKVPHWYHFSCF,2,17.25,17.18-17.28,25,0.075,-0.002,343574,1159.242,1159.295,0.8847,2.033,4.066,53.589,High
59,77,VQSPMFDGKVPHWYHFSCF,3,17.25,17.22-17.23,5,0.041,-0.001,449640,773.178,773.198,0.9013,1.306,3.917,52.186,High
59,77,VQSPMFDGKVPHWYHFSCF,4,17.25,17.12-17.30,41,0.028,-0.001,603664,580.124,580.143,0.9346,0.990,3.960,52.221,Medium
62,79,PMFDGKVPHWYHFSCFWK,2,18.67,17.27-17.47,46,0.076,-0.009,553228,1159.204,1159.251,0.9292,2.075,4.149,54.249,Medium
65,77,DGKVPHWYHFSCF,2,15.57,15.41-15.82,92,0.045,-0.000,104255060,813.255,813.249,0.9339,0.861,1.722,36.541,High
65,77,DGKVPHWYHFSCF,3,15.57,15.44-15.69,58,0.023,-0.001,140964773,542.513,542.523,0.9235,0.588,1.763,36.825,High
77,90,FWKVGHSIRHPDVE,2,8.93,8.99-9.10,25,0.050,-0.002,2400091,856.592,856.411,0.8153,2.209,4.419,87.065,Low
77,90,FWKVGHSIRHPDVE,3,8.93,8.95-9.28,74,0.026,-0.002,9763649,571.245,571.255,0.9130,1.293,3.879,77.278,Medium
78,90,WKVGHSIRHPDVE,2,6.65,7.34-7.64,67,0.041,-0.003,72269676,782.512,782.504,0.9111,1.670,3.340,77.316,High
78,90,WKVGHSIRHPDVE,3,6.65,7.33-7.80,107,0.022,-0.002,105988173,522.000,522.001,0.8929,1.100,3.301,76.385,High
78,95,WKVGHSIRHPDVEVDGFS,3,10.21,7.54-7.60,13,0.036,0.000,2596127,693.456,693.501,0.8215,4.027,12.082,80.548,Medium
91,94,VDGF,1,9.83,7.64-8.21,129,0.018,0.000,52636608,437.952,437.948,0.8091,0.542,0.542,62.703,Medium
98,133,RWDDQQKVKKTAEAGGVTGKGQDGIGSKAEKTLGDF,3,10.05,10.37-10.96,132,0.089,-0.007,16115080,1274.549,1274.550,0.9356,4.516,13.547,76.382,High
98,133,RWDDQQKVKKTAEAGGVTGKGQDGIGSKAEKTLGDF,4,10.05,10.38-10.91,120,0.057,-0.005,97675259,956.171,956.176,0.9149,3.383,13.532,76.128,High
98,133,RWDDQQKVKKTAEAGGVTGKGQDGIGSKAEKTLGDF,5,12.25,10.49-10.49,1,0.041,-0.004,529597,765.201,765.195,0.8978,2.771,13.857,74.953,Medium
98,133,RWDDQQKVKKTAEAGGVTGKGQDGIGSKAEKTLGDF,6,12.25,10.37-10.53,37,0.031,-0.004,5667479,637.845,637.854,0.9027,2.320,13.918,78.839,High
111,133,AGGVTGKGQDGIGSKAEKTLGDF,3,10.57,10.37-10.66,67,0.041,-0.007,4847534,735.934,735.669,0.7039,3.849,11.548,100.339,Medium
137,149,YAKSNRSTCKGCM,2,6.13,5.31-5.58,59,0.036,-0.001,22119516,726.162,726.161,0.9239,0.842,1.684,31.718,High
137,149,YAKSNRSTCKGCM,3,6.13,5.26-5.47,49,0.020,-0.001,11329213,484.435,484.445,0.9186,0.551,1.653,28.676,High
137,150,YAKSNRSTCKGCME,2,5.91,0.00-0.00,0,,,,,,0.0000,,,,Low
137,150,YAKSNRSTCKGCME,3,5.91,5.22-5.38,37,0.023,-0.000,902314,527.484,527.512,0.8941,0.612,1.837,15.305,Medium
150,159,EKIEKGQVRL,1,7.66,0.00-0.00,0,,,,,,0.0000,,,,Low
150,159,EKIEKGQVRL,2,7.66,6.70-6.77,16,0.026,-0.001,10018426,601.284,601.312,0.8786,0.664,1.327,25.797,Medium
150,173,EKIEKGQVRLSKKMVDPEKPQLGM,2,9.59,0.00-0.00,0,,,,,,0.0000,,,,Low
150,173,EKIEKGQVRLSKKMVDPEKPQLGM,3,9.59,8.16-8.33,39,0.055,-0.001,3604089,925.217,925.216,0.9462,1.125,3.375,28.735,High
150,173,EKIEKGQVRLSKKMVDPEKPQLGM,4,9.59,8.31-8.33,7,0.036,-0.001,4383838,694.163,694.170,0.9000,0.845,3.379,28.012,High
151,159,KIEKGQVRL,2,6.57,6.67-6.69,5,0.023,-0.000,381566,536.683,536.701,0.9330,0.597,1.193,26.886,Medium
151,159,KIEKGQVRL,3,6.57,6.73-6.82,21,0.012,-0.001,676671,358.096,358.104,0.9072,0.395,1.184,25.289,Medium
160,171,SKKMVDPEKPQL,3,6.61,6.09-7.11,229,0.019,-0.001,2327286,468.043,468.099,0.8537,0.587,1.761,34.753,Medium
160,173,SKKMVDPEKPQLGM,1,8.61,0.00-0.00,0,,,,,,0.0000,,,,Low
160,173,SKKMVDPEKPQLGM,2,8.61,7.52-7.56,9,0.042,-0.001,6246224,796.137,796.078,0.8769,1.119,2.238,41.121,Medium
160,173,SKKMVDPEKPQLGM,3,8.61,7.48-7.74,58,0.022,-0.001,32880830,531.028,531.046,0.9273,0.759,2.278,40.308,High
172,183,GMIDRWYHPGCF,2,16.69,15.06-15.08,5,0.037,0.000,477936,742.307,742.284,0.9090,0.488,0.975,20.033,Medium
174,183,IDRWYHPGCF,2,13.00,12.98-13.23,57,0.031,0.000,137718310,648.114,648.105,0.9327,0.406,0.812,23.818,High
174,183,IDRWYHPGCF,3,13.00,13.07-13.09,6,0.016,-0.000,5430201,432.396,432.397,0.9276,0.259,0.777,22.995,High
175,183,DRWYHPGCF,2,14.71,12.61-12.70,23,0.027,-0.001,106489,591.464,591.646,0.5646,0.492,0.984,32.057,Medium
183,196,FVKNREELGFRPEY,3,9.39,9.86-10.09,53,0.028,-0.001,1277204,596.595,596.616,0.9203,0.968,2.905,27.589,Medium
183,203,FVKNREELGFRPEYSASQLKG,3,8.91,9.53-9.72,45,0.046,-0.002,8669423,821.182,821.174,0.8856,1.521,4.563,43.316,Medium
183,203,FVKNREELGFRPEYSASQLKG,4,8.91,9.41-9.53,29,0.029,-0.002,3201462,616.153,616.140,0.9143,1.178,4.711,44.951,High
183,206,FVKNREELGFRPEYSASQLKGFSL,3,13.52,13.69-13.88,45,0.057,-0.001,3427852,937.195,937.200,0.9399,1.822,5.466,44.253,High
183,206,FVKNREELGFRPEYSASQLKGFSL,4,13.52,13.80-13.89,21,0.037,-0.002,1352765,703.124,703.157,0.8898,1.328,5.314,43.401,High
183,207,FVKNREELGFRPEYSASQLKGFSLL,3,17.01,15.33-15.42,23,0.061,0.001,451276,974.901,975.002,0.6470,1.830,5.491,41.183,Low
183,207,FVKNREELGFRPEYSASQLKGFSLL,4,17.01,14.64-14.89,57,0.043,0.020,1866072,730.434,730.398,0.4524,0.391,1.566,7.118,Low
184,190,VKNREEL,2,5.59,5.50-5.53,7,0.017,-0.002,421774,445.257,445.269,0.8313,0.810,1.621,55.962,Medium
184,191,VKNREELG,1,5.62,4.79-4.87,21,0.055,-0.003,15890,946.931,946.962,0.8925,0.000,0.000,0.000,Medium
184,191,VKNREELG,2,5.62,4.83-4.84,4,0.018,-0.002,58485,473.996,473.987,0.8818,1.003,2.007,62.341,Medium
184,201,VKNREELGFRPEYSASQL,2,11.88,10.15-10.31,37,0.068,-0.001,1212252,1064.697,1064.632,0.8741,2.071,4.142,46.484,High
184,203,VKNREELGFRPEYSASQLKG,3,8.78,8.82-9.08,59,0.042,-0.001,21715243,772.069,772.067,0.8862,0.000,0.000,0.000,Medium
184,203,VKNREELGFRPEYSASQLKG,4,8.78,8.87-8.92,13,0.026,-0.002,1931825,579.283,579.302,0.8954,1.155,4.618,45.921,Medium
184,206,VKNREELGFRPEYSASQLKGFSL,2,13.57,0.00-0.00,0,,,,,,0.0000,,,,Low
184,206,VKNREELGFRPEYSASQLKGFSL,3,13.57,13.45-13.47,5,0.051,-0.002,1606236,888.092,888.087,0.9099,1.778,5.334,45.405,High
184,206,VKNREELGFRPEYSASQLKGFSL,4,13.57,13.43-13.49,13,0.032,-0.002,1823895,666.313,666.321,0.8906,1.330,5.321,45.169,Medium
184,207,VKNREELGFRPEYSASQLKGFSLL,3,16.52,14.86-14.95,21,0.054,-0.002,3187263,925.786,925.785,0.9141,1.738,5.213,42.573,High
184,207,VKNREELGFRPEYSASQLKGFSLL,4,16.52,14.99-15.00,5,0.035,-0.002,1207562,694.572,694.592,0.9033,1.302,5.209,41.903,High
191,206,GFRPEYSASQLKGFSL,2,14.98,11.32-11.53,48,0.054,-0.001,25313717,896.700,896.693,0.8928,2.185,4.371,58.478,High
191,207,GFRPEYSASQLKGFSLL,2,16.84,15.13-15.26,30,0.056,-0.001,1745412,952.847,952.792,0.8867,1.661,3.322,38.954,Medium
207,238,LATEDKEALKKQLPGVKSEGKRKGDEVDGVDE,3,6.84,6.79-7.02,54,0.077,-0.004,2469341,1160.847,1160.828,0.9126,3.335,10.004,69.518,High
207,238,LATEDKEALKKQLPGVKSEGKRKGDEVDGVDE,4,6.84,6.84-7.08,56,0.049,-0.004,10644413,870.854,870.871,0.9229,2.389,9.554,69.242,High
208,238,ATEDKEALKKQLPGVKSEGKRKGDEVDGVDE,4,5.64,6.24-6.42,41,0.047,-0.003,2884536,842.526,842.509,0.9119,2.359,9.434,69.323,High
210,237,EDKEALKKQLPGVKSEGKRKGDEVDGVD,3,7.11,6.11-6.53,96,0.063,-0.004,1423116,1022.291,1022.277,0.9124,2.914,8.741,69.029,Medium
211,237,DKEALKKQLPGVKSEGKRKGDEVDGVD,3,5.39,5.92-6.19,61,0.060,-0.004,774041,979.319,979.305,0.9250,2.932,8.795,68.379,High
211,237,DKEALKKQLPGVKSEGKRKGDEVDGVD,4,5.39,6.13-6.23,25,0.038,-0.004,1876618,734.709,734.703,0.8498,2.163,8.651,69.720,Medium
211,238,DKEALKKQLPGVKSEGKRKGDEVDGVDE,4,7.05,6.18-6.37,45,0.042,-0.004,2177450,766.987,766.983,0.9169,2.184,8.736,69.265,High
238,254,EVAKKKSKKEKDKDSKL,2,4.11,4.19-4.68,108,0.058,-0.005,24873,998.762,998.807,0.8780,0.000,0.000,0.000,High
238,254,EVAKKKSKKEKDKDSKL,3,4.11,4.20-4.47,60,0.015,-0.004,829879,666.336,666.237,0.5533,2.238,6.713,112.140,Low
238,254,EVAKKKSKKEKDKDSKL,4,4.11,4.34-4.58,53,0.021,-0.003,235340,499.878,499.898,0.8822,1.562,6.247,100.215,High
238,263,EVAKKKSKKEKDKDSKLEKALKAQND,3,6.93,5.88-6.10,52,0.060,-0.006,729213,999.989,1000.009,0.9261,3.263,9.788,87.060,Medium
238,263,EVAKKKSKKEKDKDSKLEKALKAQND,4,6.93,6.00-6.24,54,0.040,-0.004,4538999,750.148,750.171,0.8976,2.302,9.209,81.067,Medium
239,254,VAKKKSKKEKDKDSKL,2,5.29,0.00-0.00,0,,,,,,0.0000,,,,Low
239,254,VAKKKSKKEKDKDSKL,3,5.29,4.24-4.40,37,0.029,-0.004,87846,622.999,623.001,0.9150,1.953,5.858,99.569,High
254,271,LEKALKAQNDLIWNIKDE,3,16.82,14.12-14.29,38,0.037,-0.008,16989945,716.279,716.272,0.8991,1.452,4.355,42.983,High
255,263,EKALKAQND,2,3.61,3.59-3.94,76,0.019,-0.002,31998,510.026,510.073,0.8501,1.008,2.017,50.725,High
255,280,EKALKAQNDLIWNIKDELKKVCSTND,3,16.52,16.37-16.66,66,0.060,0.000,1140809,1008.160,1008.188,0.9072,1.394,4.181,29.365,High
255,283,EKALKAQNDLIWNIKDELKKVCSTNDLKE,3,16.78,16.28-17.21,209,0.067,0.001,1597013,1131.568,1131.566,0.8572,1.347,4.042,25.398,High
255,283,EKALKAQNDLIWNIKDELKKVCSTNDLKE,4,16.78,16.66-16.82,37,0.050,-0.000,1276844,848.992,849.002,0.9133,1.050,4.202,26.614,Medium
263,272,DLIWNIKDEL,2,16.29,16.28-16.30,6,0.030,0.001,1936337,630.261,630.265,0.9428,0.049,0.098,2.131,Medium
263,283,DLIWNIKDELKKVCSTNDLKE,3,17.50,17.63-17.65,5,0.047,0.000,194463,836.645,836.616,0.8559,0.712,2.136,18.924,Medium
264,272,LIWNIKDEL,1,15.32,15.67-15.83,37,0.069,0.003,711462,1144.060,1144.329,0.8016,0.051,0.051,1.218,Medium
264,272,LIWNIKDEL,2,15.32,15.18-15.20,6,0.026,0.001,3632030,572.724,572.707,0.9616,0.061,0.122,3.034,High
264,280,LIWNIKDELKKVCSTND,3,14.75,14.88-15.00,29,0.034,-0.000,3194935,674.756,674.745,0.9289,0.658,1.975,21.644,High
264,283,LIWNIKDELKKVCSTNDLKE,2,15.42,14.49-15.85,305,0.075,0.002,1904297,1196.753,1196.750,0.8471,1.057,2.114,19.780,Medium
264,283,LIWNIKDELKKVCSTNDLKE,3,15.42,15.28-15.30,5,0.044,-0.000,1458868,798.252,798.257,0.9342,0.688,2.064,19.717,High
264,285,LIWNIKDELKKVCSTNDLKELL,2,18.11,18.14-18.16,5,0.078,0.001,25806,1309.595,1309.688,0.6529,0.771,1.542,12.674,Low
264,285,LIWNIKDELKKVCSTNDLKELL,3,18.11,18.16-18.21,12,0.049,0.001,1752380,873.631,873.647,0.9244,0.628,1.885,16.318,High
264,285,LIWNIKDELKKVCSTNDLKELL,4,18.11,18.15-18.30,35,0.033,0.000,1312825,655.457,655.455,0.9340,0.450,1.800,15.529,High
273,281,KKVCSTNDL,1,6.52,0.00-0.00,0,,,,,,0.0000,,,,Low
273,281,KKVCSTNDL,2,6.52,5.69-5.84,34,0.021,-0.001,4597963,505.457,505.487,0.8885,0.926,1.853,50.625,Medium
273,283,KKVCSTNDLKE,2,5.70,4.90-4.92,6,0.029,-0.001,540376,634.099,634.083,0.8926,0.895,1.790,39.225,High
273,283,KKVCSTNDLKE,3,5.70,4.87-4.90,6,0.016,-0.001,244492,423.017,423.044,0.9004,0.556,1.669,36.375,High
284,287,LLIF,1,17.66,16.32-16.34,6,0.021,0.001,8807726,505.672,505.673,0.9402,0.047,0.047,3.205,Medium
284,296,LLIFNKQQVPSGE,2,10.11,9.48-9.55,19,0.036,-0.010,45442,740.380,740.378,0.7868,2.977,5.954,101.253,Low
284,297,LLIFNKQQVPSGES,2,11.43,9.92-10.05,29,0.042,-0.002,25119123,782.455,782.439,0.8873,1.381,2.761,43.468,Medium
284,300,LLIFNKQQVPSGESAIL,2,13.84,13.67-13.88,47,0.056,-0.002,1684458,931.596,931.647,0.9204,2.067,4.133,46.903,High
286,296,IFNKQQVPSGE,2,6.78,5.75-5.84,22,0.029,-0.002,2221552,625.317,625.329,0.9091,1.168,2.337,51.756,High
286,297,IFNKQQVPSGES,1,6.36,0.00-0.00,0,,,,,,0.0000,,,,Low
286,297,IFNKQQVPSGES,2,6.36,5.54-5.57,9,0.033,-0.003,3004790,669.148,669.174,0.9032,1.440,2.880,59.173,High
286,300,IFNKQQVPSGESAIL,2,9.68,9.86-10.27,93,0.046,-0.002,11933578,818.415,818.421,0.8249,1.995,3.991,56.226,Medium
288,296,NKQQVPSGE,2,4.60,3.92-4.10,40,0.019,-0.002,32095,495.013,495.081,0.8313,1.030,2.060,59.290,Medium
288,297,NKQQVPSGES,1,4.35,0.00-0.00,0,,,,,,0.0000,,,,Low
288,297,NKQQVPSGES,2,4.35,3.72-3.90,42,0.023,-0.003,132576,538.934,538.965,0.8776,1.392,2.785,74.917,High
288,298,NKQQVPSGESA,2,3.51,4.03-4.29,58,0.017,-0.003,42641,574.737,574.750,0.7417,1.667,3.335,41.687,Medium
298,309,AILDRVADGMVF,2,14.73,14.77-14.88,25,0.032,0.001,1384931,654.534,654.524,0.9163,0.219,0.438,7.766,Medium
301,313,DRVADGMVFGALL,2,16.99,16.92-17.16,55,0.038,0.000,3391659,682.918,682.877,0.8828,0.158,0.315,5.360,Medium
310,324,GALLPCEECSGQLVF,2,16.47,16.20-16.26,15,0.040,0.001,376327,784.331,784.375,0.8823,0.445,0.890,13.720,Medium
318,324,CSGQLVF,1,12.82,11.52-11.54,5,0.041,0.001,5221513,754.417,754.424,0.9093,0.628,0.628,23.125,Medium
323,328,VFKSDA,1,4.74,4.61-4.80,45,0.032,-0.001,1072851,667.620,667.635,0.8752,0.936,0.936,49.405,Medium
324,328,FKSDA,1,4.06,0.00-0.00,0,,,,,,0.0000,,,,Low
325,329,KSDAY,1,3.84,4.50-4.58,19,0.027,0.000,265392,583.894,583.922,0.8991,0.336,0.336,23.928,High
325,358,KSDAYYCTGDVTAWTKCMVKTQTPNRKEWVTPKE,4,13.20,12.54-12.80,59,0.060,-0.036,8305321,999.466,999.274,0.4330,0.000,0.000,0.000,Low
329,337,YYCTGDVTA,1,10.47,6.83-6.95,29,0.058,-0.003,1695927,995.198,995.286,0.8921,2.243,2.243,60.050,Medium
330,337,YCTGDVTA,1,6.01,5.44-5.56,29,0.043,-0.003,1942093,832.048,832.094,0.8893,2.248,2.248,74.185,High
330,358,YCTGDVTAWTKCMVKTQTPNRKEWVTPKE,4,12.39,0.00-0.00,0,,,,,,0.0000,,,,Low
334,341,DVTAWTKC,2,10.40,8.74-8.75,3,0.018,-0.004,360843,464.400,464.468,0.8715,1.925,3.851,105.155,High
338,358,WTKCMVKTQTPNRKEWVTPKE,4,7.44,5.16-5.32,37,0.031,-0.009,727061,649.780,650.040,0.4276,1.060,4.238,24.931,Low
342,358,MVKTQTPNRKEWVTPKE,2,7.72,6.80-7.10,68,0.063,-0.004,16372486,1039.978,1040.019,0.9154,2.928,5.856,101.458,High
342,358,MVKTQTPNRKEWVTPKE,3,7.72,6.77-6.90,30,0.035,-0.003,49720521,693.689,693.702,0.9069,1.898,5.694,68.717,High
342,358,MVKTQTPNRKEWVTPKE,4,7.72,6.77-6.79,5,0.022,-0.003,2143805,520.559,520.570,0.9087,1.474,5.896,70.684,High
344,358,KTQTPNRKEWVTPKE,2,7.42,5.51-5.71,45,0.052,-0.043,542703,923.911,924.039,0.5310,1.964,3.928,56.648,Low
344,358,KTQTPNRKEWVTPKE,3,7.42,6.32-6.45,29,0.030,-0.003,1744399,616.836,616.848,0.8997,1.801,5.402,79.219,High
359,364,FREISY,1,8.50,8.49-8.91,94,0.042,-0.004,31156027,817.586,817.473,0.8311,2.767,2.767,104.277,Medium
359,364,FREISY,2,8.50,8.44-9.01,128,0.016,-0.003,75291171,409.253,409.260,0.8286,1.318,2.636,102.738,Medium
359,382,FREISYLKKLKVKKQDRIFPPETS,4,10.37,10.49-10.60,25,0.041,-0.007,2600201,738.800,738.870,0.4010,-0.051,-0.205,-1.864,Low
365,382,LKKLKVKKQDRIFPPETS,3,7.19,7.24-7.41,38,0.037,-0.004,3248430,722.050,722.065,0.8951,2.536,7.609,91.194,High
365,384,LKKLKVKKQDRIFPPETSAS,3,6.51,7.16-7.32,37,0.042,-0.005,3670164,775.126,775.138,0.8985,2.880,8.639,93.493,Medium
365,384,LKKLKVKKQDRIFPPETSAS,4,6.51,7.15-7.38,53,0.027,-0.004,3735244,581.566,581.567,0.8890,2.151,8.604,92.828,High
365,385,LKKLKVKKQDRIFPPETSASV,3,7.49,8.25-8.50,57,0.044,-0.006,5251013,808.312,808.305,0.9104,3.037,9.112,92.403,Medium
365,385,LKKLKVKKQDRIFPPETSASV,4,7.49,0.00-0.00,0,,,,,,0.0000,,,,Low
384,413,SVAATPPPSTASAPAAVNSSASADKPLSNM,3,7.56,7.89-7.91,5,0.056,-0.010,1555406,937.586,937.608,0.9032,3.949,11.848,86.260,Medium
385,413,VAATPPPSTASAPAAVNSSASADKPLSNM,2,7.45,7.46-7.85,88,0.096,-0.009,2454334,1362.200,1362.205,0.9113,5.847,11.694,89.755,High
385,413,VAATPPPSTASAPAAVNSSASADKPLSNM,3,7.45,7.46-7.58,28,0.052,-0.007,3579106,908.555,908.570,0.9099,3.912,11.736,89.482,High
386,413,AATPPPSTASAPAAVNSSASADKPLSNM,2,8.72,4.94-7.78,636,0.090,-0.009,1932276,1312.343,1312.384,0.8987,5.603,11.207,87.779,Medium
386,413,AATPPPSTASAPAAVNSSASADKPLSNM,3,8.72,7.38-7.54,37,0.050,-0.006,3620985,875.283,875.307,0.8985,3.669,11.007,91.772,High
414,421,KILTLGKL,2,12.55,10.62-11.16,121,0.016,-0.003,3123603,444.663,444.693,0.8470,1.159,2.317,61.963,Medium
414,430,KILTLGKLSRNKDEVKA,3,7.67,7.76-8.25,112,0.033,-0.003,84297185,640.226,640.255,0.8371,1.481,4.444,56.074,Medium
414,430,KILTLGKLSRNKDEVKA,4,7.67,7.81-8.23,96,0.022,-0.002,16507126,480.393,480.426,0.8246,1.088,4.353,56.446,Medium
414,430,KILTLGKLSRNKDEVKA,5,7.67,7.73-8.15,95,0.015,-0.002,5679186,384.629,384.624,0.8593,0.991,4.955,59.720,Medium
414,431,KILTLGKLSRNKDEVKAM,2,7.95,8.62-9.06,99,0.065,-0.003,5926089,1025.696,1025.709,0.9107,2.547,5.094,56.899,Medium
414,431,KILTLGKLSRNKDEVKAM,3,7.95,8.66-8.87,48,0.033,-0.003,24012379,684.188,684.186,0.9088,1.703,5.108,56.760,High
414,431,KILTLGKLSRNKDEVKAM,4,7.95,8.61-8.96,80,0.022,-0.002,8048385,513.363,513.367,0.9229,1.260,5.039,56.092,High
414,432,KILTLGKLSRNKDEVKAMI,2,12.39,0.00-0.00,0,,,,,,0.0000,,,,Low
414,432,KILTLGKLSRNKDEVKAMI,3,12.39,10.57-10.73,37,0.037,-0.003,6463330,721.997,721.983,0.9029,1.826,5.479,55.573,High
414,448,KILTLGKLSRNKDEVKAMIEKLGGKLTGTANKASL,3,15.28,14.63-15.41,176,0.085,-0.005,911851,1246.690,1246.733,0.8920,3.259,9.776,48.820,High
414,448,KILTLGKLSRNKDEVKAMIEKLGGKLTGTANKASL,4,15.28,15.22-15.47,57,0.056,-0.003,15969708,935.254,935.239,0.9269,2.401,9.604,46.447,High
414,448,KILTLGKLSRNKDEVKAMIEKLGGKLTGTANKASL,5,15.28,15.16-15.43,61,0.040,-0.003,8110390,748.389,748.391,0.9203,1.900,9.498,46.352,High
414,448,KILTLGKLSRNKDEVKAMIEKLGGKLTGTANKASL,6,15.28,15.27-15.50,53,0.031,-0.003,3878243,623.793,623.783,0.9156,1.566,9.396,47.769,High
414,449,KILTLGKLSRNKDEVKAMIEKLGGKLTGTANKASLC,3,17.15,0.00-0.00,0,,,,,,0.0000,,,,Low
414,449,KILTLGKLSRNKDEVKAMIEKLGGKLTGTANKASLC,4,17.15,15.36-15.60,54,0.056,-0.003,4438306,961.028,961.040,0.9354,2.414,9.657,47.125,High
414,449,KILTLGKLSRNKDEVKAMIEKLGGKLTGTANKASLC,5,17.15,15.39-15.66,61,0.042,-0.003,3633352,768.984,768.982,0.9202,1.886,9.430,45.918,High
419,448,GKLSRNKDEVKAMIEKLGGKLTGTANKASL,4,15.78,14.09-14.27,41,0.044,-0.003,257330,792.572,792.545,0.7922,1.927,7.708,45.412,Medium
422,430,SRNKDEVKA,2,3.87,0.00-0.00,0,,,,,,0.0000,,,,Low
432,448,IEKLGGKLTGTANKASL,2,8.67,7.52-7.61,21,0.048,-0.004,2410710,853.912,853.939,0.9141,2.471,4.942,55.546,High
432,448,IEKLGGKLTGTANKASL,3,8.67,7.50-7.60,22,0.025,-0.003,2107290,569.633,569.651,0.8907,1.672,5.016,55.482,High
432,449,IEKLGGKLTGTANKASLC,3,7.18,6.17-6.31,34,0.028,0.006,640204,606.502,606.705,0.3960,4.151,12.454,77.840,Low
433,448,EKLGGKLTGTANKASL,2,8.05,6.88-6.97,21,0.041,-0.003,1506802,797.081,797.115,0.9030,2.090,4.179,51.587,Medium
433,448,EKLGGKLTGTANKASL,3,8.05,6.89-6.99,22,0.022,-0.003,1379676,531.703,531.728,0.8911,1.403,4.210,50.813,Medium
449,470,CISTKKEVEKMNKKMEEVKEAN,3,7.69,8.43-8.45,5,0.052,-0.001,1065148,867.799,867.841,0.9035,1.147,3.440,30.355,Medium
449,470,CISTKKEVEKMNKKMEEVKEAN,4,7.69,8.33-8.53,45,0.034,-0.001,5544445,651.113,651.118,0.8994,0.835,3.339,29.442,Medium
449,471,CISTKKEVEKMNKKMEEVKEANI,4,9.65,9.82-9.98,37,0.035,-0.001,1891614,679.475,679.505,0.9249,0.980,3.921,32.639,Medium
449,473,CISTKKEVEKMNKKMEEVKEANIRV,4,10.21,8.91-9.15,53,0.046,-0.038,2236212,745.720,745.710,0.4071,3.353,13.413,58.315,Low
449,477,CISTKKEVEKMNKKMEEVKEANIRVVSED,4,10.43,10.80-10.93,29,0.049,-0.000,1342141,850.931,850.942,0.9170,1.017,4.070,24.989,Medium
450,465,ISTKKEVEKMNKKMEE,2,7.21,6.24-6.26,5,0.059,-0.002,780491,979.000,978.984,0.9217,1.953,3.905,47.044,Medium
450,465,ISTKKEVEKMNKKMEE,3,7.21,6.18-6.27,21,0.032,-0.002,7763011,653.049,653.057,0.9063,1.320,3.961,49.614,High
450,471,ISTKKEVEKMNKKMEEVKEANI,3,8.96,9.16-9.46,67,0.049,-0.001,1087947,871.214,871.250,0.8897,1.252,3.756,213.562,Medium
450,477,ISTKKEVEKMNKKMEEVKEANIRVVSED,4,10.02,10.29-10.49,47,0.048,0.000,785922,825.175,825.183,0.8430,1.025,4.101,26.024,Medium
466,473,VKEANIRV,2,7.44,6.32-6.35,6,0.019,0.000,285367,465.143,465.170,0.9074,0.111,0.223,5.827,Medium
466,477,VKEANIRVVSED,2,7.13,6.07-6.18,25,0.035,0.000,801453,680.609,680.661,0.8756,0.429,0.858,14.110,Medium
471,477,IRVVSED,1,4.64,5.05-5.23,42,0.047,0.000,1837247,818.611,818.611,0.9267,0.753,0.753,24.733,Medium
471,477,IRVVSED,2,4.64,5.15-5.19,10,0.015,-0.001,1139120,409.817,409.828,0.8852,0.380,0.760,24.745,High
471,478,IRVVSEDF,1,9.76,9.71-9.79,21,0.058,0.001,1211352,965.700,965.736,0.9298,0.705,0.705,18.923,Medium
471,478,IRVVSEDF,2,9.76,9.66-9.75,21,0.019,-0.000,3798574,483.390,483.384,0.9068,0.373,0.745,20.955,Medium
471,479,IRVVSEDFL,2,14.80,12.96-12.98,5,0.024,0.000,374607,539.910,539.908,0.9022,0.314,0.629,14.973,Medium
472,477,RVVSED,1,5.35,3.85-3.95,23,0.035,-0.001,43754,705.207,705.298,0.8721,0.579,0.579,27.411,Medium
477,492,DFLQDVSASTKSLQEL,2,17.38,17.36-17.45,21,0.054,-0.007,1792876,895.013,894.982,0.8674,3.567,7.135,82.058,Medium
477,492,DFLQDVSASTKSLQEL,3,17.38,17.31-17.38,17,0.027,-0.004,780309,597.087,597.061,0.8434,2.463,7.390,78.733,Medium
478,491,FLQDVSASTKSLQE,2,8.19,7.26-7.69,98,0.038,-0.022,82770439,782.524,782.513,0.8769,5.167,10.334,92.063,Medium
478,492,FLQDVSASTKSLQEL,1,13.49,0.00-0.00,0,,,,,,0.0000,,,,Low
478,492,FLQDVSASTKSLQEL,3,13.49,11.73-12.14,93,0.026,-0.004,12886186,558.407,558.445,0.8508,2.117,6.351,84.810,High
478,493,FLQDVSASTKSLQELF,2,16.31,16.06-16.24,41,0.053,-0.006,1568530,910.967,911.008,0.8825,3.494,6.989,85.211,Medium
479,492,LQDVSASTKSLQEL,2,8.77,9.41-9.70,65,0.038,-0.004,36773028,762.221,762.180,0.8505,1.902,3.804,60.590,Medium
480,494,QDVSASTKSLQELFL,2,15.89,12.12-12.15,7,0.048,-0.006,2149492,837.139,837.145,0.8881,3.230,6.461,89.488,Medium
482,491,VSASTKSLQE,2,5.63,4.73-4.96,53,0.022,-0.005,707096,528.029,528.052,0.8509,2.492,4.984,102.637,Medium
482,492,VSASTKSLQEL,2,7.86,7.87-8.18,72,0.027,-0.005,18190426,584.621,584.643,0.8510,2.501,5.001,91.455,Medium
482,493,VSASTKSLQELF,2,13.38,13.38-13.50,28,0.032,-0.005,1427624,658.193,658.238,0.8810,2.474,4.948,49.483,Medium
485,492,STKSLQEL,2,6.54,7.08-7.54,103,0.020,-0.003,9744244,455.027,455.062,0.8319,1.560,3.119,88.206,Medium
493,504,FLAHILSPWGAE,1,17.14,0.00-0.00,0,,,,,,0.0000,,,,Low
493,504,FLAHILSPWGAE,2,17.14,15.41-15.93,118,0.032,-0.002,303096326,672.531,672.531,0.8908,1.284,2.567,56.840,High
493,505,FLAHILSPWGAEV,2,16.74,16.63-16.79,37,0.038,-0.002,2378357,722.459,722.454,0.8896,1.635,3.270,62.477,Medium
493,511,FLAHILSPWGAEVKAEPVE,2,14.63,14.63-14.64,5,0.065,-0.005,1444907,1050.873,1050.873,0.9103,3.186,6.373,76.582,Medium
493,511,FLAHILSPWGAEVKAEPVE,3,14.63,14.66-14.68,5,0.037,-0.003,1859456,700.868,700.869,0.8854,2.093,6.280,76.138,Medium
493,523,FLAHILSPWGAEVKAEPVEVVAPRGKSGAAL,3,14.74,13.67-14.30,140,0.069,-0.037,305653,1067.940,1067.901,0.3740,0.081,0.243,1.631,Low
495,504,AHILSPWGAE,1,13.27,11.57-11.98,92,0.072,-0.003,4460661,1083.160,1083.188,0.8421,2.000,2.000,55.850,Medium
495,504,AHILSPWGAE,2,13.27,11.42-11.45,9,0.024,-0.002,1651385,542.092,542.144,0.8841,1.011,2.023,56.035,High
495,511,AHILSPWGAEVKAEPVE,2,11.01,11.16-11.34,41,0.054,-0.005,2767216,920.527,920.532,0.9210,3.020,6.040,79.132,High
495,511,AHILSPWGAEVKAEPVE,3,11.01,11.33-11.35,5,0.030,-0.004,723518,613.962,613.954,0.8889,1.932,5.795,77.235,Medium
504,511,EVKAEPVE,1,5.26,0.00-0.00,0,,,,,,0.0000,,,,Low
505,511,VKAEPVE,1,4.25,4.10-4.76,146,0.040,-0.005,3566972,774.353,774.374,0.8631,2.538,2.538,104.147,Medium
505,511,VKAEPVE,2,4.25,4.14-4.55,90,0.013,-0.003,3094367,387.698,387.711,0.8128,1.281,2.563,100.916,Medium
506,511,KAEPVE,1,3.65,3.85-4.24,86,0.034,-0.004,5406,674.632,674.617,0.8746,1.851,1.851,61.684,Medium
512,523,VVAPRGKSGAAL,1,6.32,5.33-5.67,76,0.075,-0.010,1038821,1131.924,1131.994,0.8684,5.763,5.763,100.721,High
512,523,VVAPRGKSGAAL,2,6.32,5.37-5.89,118,0.026,-0.006,35561626,566.450,566.480,0.8233,2.804,5.607,99.570,Medium
512,523,VVAPRGKSGAAL,3,6.32,5.41-5.67,61,0.013,-0.004,7148143,377.967,377.980,0.7989,1.873,5.618,100.921,Medium
512,537,VVAPRGKSGAALSKKSKGQVKEEGIN,3,5.79,5.11-5.27,38,0.048,-0.008,1161735,885.170,885.138,0.8771,4.521,13.562,102.049,Medium
512,537,VVAPRGKSGAALSKKSKGQVKEEGIN,4,5.79,5.13-5.40,62,0.034,-0.007,2350266,664.107,664.074,0.8814,3.370,13.480,101.651,High
524,537,SKKSKGQVKEEGIN,2,3.70,3.13-4.42,282,0.042,-0.006,116743,770.019,769.709,0.6260,3.187,6.373,53.111,Low
524,537,SKKSKGQVKEEGIN,3,3.70,4.23-4.36,30,0.022,-0.005,92905,513.770,513.797,0.8678,2.205,6.614,104.470,High
524,547,SKKSKGQVKEEGINKSEKRMKLTL,4,8.44,5.46-5.50,9,0.033,0.008,20751,690.673,690.837,0.2905,2.888,11.551,52.505,Low
538,579,KSEKRMKLTLKGGAAVDPDSGLEHSAHVLEKGGKVFSATLGL,4,14.58,13.85-14.87,229,0.071,-0.004,2674204,1095.135,1095.169,0.8681,3.170,12.678,62.286,Medium
546,579,TLKGGAAVDPDSGLEHSAHVLEKGGKVFSATLGL,3,15.13,14.91-15.54,141,0.075,-0.008,3761832,1124.751,1124.774,0.9113,2.884,8.652,53.277,High
548,579,KGGAAVDPDSGLEHSAHVLEKGGKVFSATLGL,3,15.14,14.96-15.02,13,0.068,-0.003,2531716,1053.068,1053.130,0.8818,0.000,0.000,0.000,Medium
548,579,KGGAAVDPDSGLEHSAHVLEKGGKVFSATLGL,4,15.14,14.97-15.17,46,0.043,-0.002,11652483,790.020,790.020,0.9239,1.928,7.712,45.779,High
564,579,HVLEKGGKVFSATLGL,3,11.81,11.74-12.11,83,0.023,-0.002,2735889,554.017,554.024,0.8247,1.057,3.171,39.657,Medium
580,588,VDIVKGTNS,1,5.58,4.70-5.13,97,0.052,-0.007,390244,936.637,936.706,0.8710,3.734,3.734,100.149,Medium
580,588,VDIVKGTNS,2,5.58,4.79-5.34,124,0.012,-0.004,2164963,468.838,468.866,0.7364,1.855,3.710,99.387,Medium
580,589,VDIVKGTNSY,1,5.84,6.43-6.48,13,0.070,-0.007,688685,1100.069,1100.167,0.8994,3.999,3.999,91.812,Medium
580,589,VDIVKGTNSY,2,5.84,6.45-6.46,3,0.025,-0.004,818914,550.612,550.632,0.8456,2.037,4.074,91.125,Medium
580,594,VDIVKGTNSYYKLQL,2,12.28,12.17-12.58,92,0.051,-0.002,55829395,873.453,873.477,0.9006,1.933,3.867,52.822,High
580,594,VDIVKGTNSYYKLQL,3,12.28,12.18-12.64,103,0.027,-0.002,44224270,582.621,582.638,0.8998,1.280,3.841,53.799,High
582,589,IVKGTNSY,1,4.97,0.00-0.00,0,,,,,,0.0000,,,,Low
582,589,IVKGTNSY,2,4.97,4.92-4.94,5,0.017,-0.003,147806,442.986,443.020,0.8532,1.559,3.118,88.681,Medium
582,594,IVKGTNSYYKLQL,3,10.86,11.12-11.31,45,0.023,-0.001,2364823,510.849,510.861,0.9219,0.932,2.797,45.894,Medium
589,594,YYKLQL,2,13.60,11.93-11.95,5,0.016,0.000,1447966,414.489,414.504,0.9341,0.037,0.074,3.575,Medium
595,603,LEDDKENRY,1,6.10,0.00-0.00,0,,,,,,0.0000,,,,Low
595,603,LEDDKENRY,2,6.10,5.10-5.26,37,0.028,-0.001,1615538,592.405,592.432,0.9094,0.831,1.663,56.679,High
595,606,LEDDKENRYWIF,2,16.40,16.30-16.76,106,0.045,0.000,148488685,815.514,815.520,0.9318,0.646,1.291,37.939,High
595,606,LEDDKENRYWIF,3,16.40,16.32-16.72,92,0.024,-0.000,101469345,544.010,544.024,0.9049,0.431,1.292,38.246,High
595,628,LEDDKENRYWIFRSWGCVGTVIGSNKLEQMPSKE,4,16.80,16.74-16.93,44,0.057,-0.003,1120692,1007.486,1007.502,0.7842,2.402,9.609,57.481,Low
598,606,DKENRYWIF,2,17.71,16.04-16.05,5,0.030,0.000,2343037,636.584,636.585,0.9431,0.395,0.791,27.614,High
607,621,RSWGCVGTVIGSNKL,2,12.09,12.04-12.15,25,0.044,-0.006,3898487,792.794,792.794,0.9102,3.396,6.793,81.588,High
607,621,RSWGCVGTVIGSNKL,3,12.09,12.02-12.41,88,0.022,-0.004,5503531,528.769,528.793,0.8960,2.186,6.557,81.998,Medium
607,628,RSWGCVGTVIGSNKLEQMPSKE,2,11.08,11.00-11.34,79,0.081,-0.007,3056884,1208.462,1208.518,0.9034,4.252,8.505,72.208,Medium
607,628,RSWGCVGTVIGSNKLEQMPSKE,3,11.08,11.06-11.42,82,0.045,-0.005,29519514,806.030,805.985,0.8679,2.795,8.386,70.727,Medium
607,630,RSWGCVGTVIGSNKLEQMPSKEDA,3,11.19,11.04-11.34,68,0.051,-0.005,9739416,868.163,868.171,0.9216,2.880,8.640,70.120,High
607,630,RSWGCVGTVIGSNKLEQMPSKEDA,4,11.19,11.07-11.18,26,0.030,-0.004,744218,651.438,651.442,0.8679,0.000,0.000,0.000,Medium
607,634,RSWGCVGTVIGSNKLEQMPSKEDAIEHF,3,13.41,12.86-12.89,9,0.065,-0.004,2852220,1046.622,1046.645,0.9342,5.813,17.439,77.264,High
607,634,RSWGCVGTVIGSNKLEQMPSKEDAIEHF,4,13.41,12.84-12.87,6,0.042,-0.004,1785200,785.231,785.229,0.9185,4.371,17.482,76.920,High
614,634,TVIGSNKLEQMPSKEDAIEHF,3,10.81,10.85-10.87,6,0.044,-0.003,1556221,793.915,793.903,0.9112,1.727,5.181,50.901,High
622,630,EQMPSKEDA,2,5.19,4.57-4.57,1,0.021,-0.001,29101,518.679,518.691,0.8951,0.677,1.354,22.572,Medium
622,634,EQMPSKEDAIEHF,2,8.74,9.05-9.32,60,0.041,0.000,3635202,782.092,782.107,0.9285,0.749,1.498,29.512,Medium
622,634,EQMPSKEDAIEHF,3,8.74,9.17-9.59,96,0.023,-0.000,9462030,521.695,521.705,0.9124,0.459,1.377,28.140,Medium
629,634,DAIEHF,1,9.64,8.38-8.45,17,0.039,0.001,8914507,731.783,731.768,0.9213,0.054,0.054,3.151,Medium
629,634,DAIEHF,2,9.64,8.32-8.37,12,0.014,0.000,4868147,366.379,366.394,0.9469,0.015,0.031,1.820,High
638,650,YEEKTGNAWHSKN,2,5.27,5.20-5.39,43,0.042,-0.002,4457642,784.356,784.375,0.9048,1.557,3.114,58.526,High
638,650,YEEKTGNAWHSKN,3,5.27,5.17-5.41,53,0.022,-0.002,4771407,523.254,523.272,0.8911,1.055,3.165,58.329,Medium
638,662,YEEKTGNAWHSKNFTKYPKKFYPLE,3,10.32,10.49-11.26,173,0.068,-0.002,50378622,1038.673,1038.683,0.9076,2.188,6.565,63.430,High
638,662,YEEKTGNAWHSKNFTKYPKKFYPLE,4,10.32,10.66-11.34,152,0.043,-0.002,117167971,779.254,779.253,0.9180,1.643,6.573,63.435,High
638,662,YEEKTGNAWHSKNFTKYPKKFYPLE,5,10.32,10.68-11.22,122,0.030,-0.002,16693856,623.607,623.604,0.9012,1.315,6.573,63.079,Medium
638,668,YEEKTGNAWHSKNFTKYPKKFYPLEIDYGQD,3,12.27,12.75-12.97,49,0.081,-0.038,753600,1273.313,1273.375,0.8553,6.331,18.994,145.965,High
638,668,YEEKTGNAWHSKNFTKYPKKFYPLEIDYGQD,4,12.27,10.88-11.04,37,0.059,0.005,13854992,956.013,956.031,0.9098,5.466,21.863,167.237,High
647,662,HSKNFTKYPKKFYPLE,3,9.27,9.43-9.83,92,0.033,-0.002,2189529,678.248,678.283,0.9013,1.501,4.502,71.116,High
651,662,FTKYPKKFYPLE,3,9.98,9.93-10.01,18,0.024,-0.001,4289004,522.257,522.288,0.8567,0.982,2.947,58.406,Medium
663,668,IDYGQD,1,5.99,4.99-5.60,137,0.036,-0.003,11873778,712.283,712.346,0.8634,1.595,1.595,103.265,Medium
663,668,IDYGQD,2,5.99,5.09-5.19,24,0.013,-0.002,809942,356.632,356.623,0.8283,0.000,0.000,0.000,Medium
663,670,IDYGQDEE,1,5.57,5.39-5.83,100,0.056,-0.003,3839008,971.224,971.265,0.8834,2.427,2.427,104.541,High
663,671,IDYGQDEEA,1,6.76,5.57-6.09,119,0.061,-0.004,1318156,1042.740,1042.821,0.8989,2.912,2.912,102.326,Medium
671,691,AVKKLTVNPGTKSKLPKPVQD,3,6.21,6.40-6.56,37,0.041,-0.004,1087322,753.051,753.092,0.9012,2.545,7.635,75.860,Medium
671,692,AVKKLTVNPGTKSKLPKPVQDL,2,8.64,8.28-9.13,193,0.073,-0.006,2052462,1185.655,1185.734,0.8790,3.956,7.912,73.732,Medium
671,692,AVKKLTVNPGTKSKLPKPVQDL,3,8.64,8.61-8.70,21,0.043,-0.005,7098393,790.886,790.923,0.9051,2.612,7.836,74.204,High
671,692,AVKKLTVNPGTKSKLPKPVQDL,4,8.64,8.59-8.66,18,0.027,-0.004,1692213,593.423,593.439,0.9128,1.974,7.897,74.698,High
671,695,AVKKLTVNPGTKSKLPKPVQDLIKM,3,12.19,12.15-12.48,75,0.051,-0.004,621796,914.917,915.034,0.7850,2.503,7.508,60.017,Medium
671,695,AVKKLTVNPGTKSKLPKPVQDLIKM,4,12.19,12.22-12.24,6,0.032,-0.003,127217,686.539,686.548,0.8386,0.000,0.000,0.000,Medium
671,697,AVKKLTVNPGTKSKLPKPVQDLIKMIF,3,18.87,18.99-19.06,16,0.065,-0.003,395495,1001.535,1001.550,0.8381,2.343,7.028,31.947,Medium
672,692,VKKLTVNPGTKSKLPKPVQDL,2,10.00,8.51-8.68,40,0.077,-0.006,1229335,1149.910,1149.940,0.9178,3.670,7.339,72.284,Medium
672,692,VKKLTVNPGTKSKLPKPVQDL,3,10.00,8.51-8.67,37,0.040,-0.004,18675364,766.966,766.984,0.9113,2.389,7.168,70.581,High
672,697,VKKLTVNPGTKSKLPKPVQDLIKMIF,3,18.71,18.96-19.08,28,0.061,-0.003,1076962,977.613,977.603,0.9192,2.097,6.292,49.396,Medium
672,697,VKKLTVNPGTKSKLPKPVQDLIKMIF,4,18.71,18.99-19.01,6,0.039,-0.001,1005482,733.439,733.445,0.9145,1.538,6.152,48.567,Medium
692,697,LIKMIF,1,16.51,15.00-15.06,13,0.041,0.002,2263759,764.996,765.030,0.8705,0.096,0.096,3.877,Medium
692,697,LIKMIF,2,16.51,14.95-14.96,5,0.014,0.000,1716954,382.975,383.012,0.8792,0.030,0.060,2.366,Medium
693,697,IKMIF,1,14.88,13.29-13.31,5,0.032,0.001,3025632,651.802,651.874,0.9315,0.009,0.009,0.392,Medium
693,697,IKMIF,2,14.88,13.55-13.58,7,0.011,0.000,4229050,326.385,326.434,0.9189,0.016,0.032,1.637,High
696,700,IFDVE,1,10.13,9.02-9.66,146,0.028,-0.001,51388605,623.779,623.816,0.8594,1.123,1.123,76.242,Medium
696,710,IFDVESMKKAMVEYE,2,14.80,14.58-14.70,29,0.055,-0.000,2356481,911.348,911.388,0.9186,0.880,1.759,20.879,Medium
696,710,IFDVESMKKAMVEYE,3,14.80,14.73-14.82,20,0.028,-0.000,1910247,607.863,607.879,0.9345,0.508,1.525,18.590,Medium
696,729,IFDVESMKKAMVEYEIDLQKMPLGKLSKRQIQAA,4,17.62,17.48-17.71,54,0.061,-0.001,690378,987.534,987.559,0.9187,1.648,6.593,31.716,High
698,708,DVESMKKAMVE,1,7.11,7.16-7.54,86,0.091,0.002,741955,1268.054,1268.284,0.7639,0.596,0.596,10.653,Medium
698,708,DVESMKKAMVE,2,7.11,7.15-7.43,64,0.030,0.000,40078319,634.593,634.586,0.9405,0.367,0.735,13.057,High
698,729,DVESMKKAMVEYEIDLQKMPLGKLSKRQIQAA,4,15.44,15.51-15.73,50,0.046,-0.000,1784608,922.288,922.283,0.8170,1.452,5.809,20.031,Medium
701,708,SMKKAMVE,1,5.79,5.63-5.67,10,0.050,0.003,128555,923.937,924.141,0.8294,-0.045,-0.045,-1.124,Medium
701,708,SMKKAMVE,2,5.79,5.24-5.40,37,0.019,0.000,4501988,462.577,462.614,0.9268,0.075,0.151,4.215,Medium
701,710,SMKKAMVEYE,2,8.59,6.95-7.24,65,0.029,0.001,9243762,608.736,608.773,0.9437,0.103,0.207,4.039,Medium
709,712,YEID,1,6.81,6.03-6.74,160,0.026,0.000,29189820,539.534,539.551,0.8778,0.042,0.042,3.353,Medium
709,713,YEIDL,1,13.01,11.31-11.72,94,0.036,0.001,73855844,652.851,652.826,0.8810,0.197,0.197,11.805,Medium
709,729,YEIDLQKMPLGKLSKRQIQAA,3,11.67,11.53-11.56,6,0.044,-0.003,636293,812.913,812.939,0.9183,1.644,4.932,42.490,High
709,729,YEIDLQKMPLGKLSKRQIQAA,4,11.67,11.52-11.71,45,0.029,-0.002,2738398,609.951,609.963,0.9422,1.228,4.914,42.007,High
710,729,EIDLQKMPLGKLSKRQIQAA,3,10.16,0.00-0.00,0,,,,,,0.0000,,,,Low
710,729,EIDLQKMPLGKLSKRQIQAA,4,10.16,10.42-10.62,44,0.025,-0.002,885043,569.111,569.108,0.8829,1.220,4.880,44.304,Medium
711,729,IDLQKMPLGKLSKRQIQAA,2,11.59,0.00-0.00,0,,,,,,0.0000,,,,Low
711,729,IDLQKMPLGKLSKRQIQAA,4,11.59,9.83-9.84,3,0.025,0.019,395922,536.564,536.619,0.3205,1.015,4.059,38.438,Low
713,729,LQKMPLGKLSKRQIQAA,2,7.34,6.19-6.22,7,0.052,-0.004,17237,955.949,956.167,0.4990,-0.180,-0.361,-3.899,Low
713,729,LQKMPLGKLSKRQIQAA,3,7.34,7.59-7.61,5,0.030,-0.003,3450206,639.340,639.346,0.9068,1.564,4.692,50.604,High
714,729,QKMPLGKLSKRQIQAA,2,6.81,6.77-7.17,90,0.051,-0.003,18626697,901.851,901.883,0.9182,2.319,4.637,54.973,High
714,729,QKMPLGKLSKRQIQAA,3,6.81,6.82-7.12,69,0.027,-0.003,111426934,601.538,601.609,0.7737,1.472,4.415,51.469,Medium
714,730,QKMPLGKLSKRQIQAAY,2,8.01,0.00-0.00,0,,,,,,0.0000,,,,Low
714,730,QKMPLGKLSKRQIQAAY,3,8.01,8.07-8.16,22,0.032,-0.003,3709505,656.150,655.994,0.8134,1.726,5.178,53.462,Low
722,729,SKRQIQAA,2,4.77,3.83-4.38,119,0.017,-0.002,184330,452.180,452.190,0.8720,0.715,1.430,37.381,Medium
734,749,SEVQQAVSQGSSDSQI,2,6.79,6.78-7.18,92,0.043,-0.005,13573166,828.662,828.640,0.8689,2.863,5.726,68.849,High
734,751,SEVQQAVSQGSSDSQILD,2,7.99,7.97-8.31,77,0.057,-0.006,4430873,943.399,943.397,0.8948,3.465,6.930,43.314,Medium
734,752,SEVQQAVSQGSSDSQILDL,2,11.88,11.76-11.85,21,0.060,-0.006,9358894,1000.084,1000.086,0.9070,3.549,7.099,74.908,High
734,756,SEVQQAVSQGSSDSQILDLSNRF,2,15.08,13.18-13.56,86,0.084,-0.004,4989992,1252.365,1252.384,0.9178,3.673,7.346,55.395,High
735,753,EVQQAVSQGSSDSQILDLS,2,14.86,16.20-16.31,27,0.054,-0.004,241664,999.317,999.333,0.8905,2.917,5.835,34.322,Low
736,752,VQQAVSQGSSDSQILDL,2,12.86,11.01-11.70,156,0.054,-0.005,13774559,891.629,891.597,0.8610,3.177,6.354,77.741,Medium
749,756,ILDLSNRF,2,12.06,12.07-12.46,90,0.018,0.000,2350933,489.813,489.818,0.8561,0.269,0.538,16.418,Medium
750,756,LDLSNRF,2,9.82,9.90-10.27,84,0.018,0.000,35486382,433.119,433.097,0.8861,0.157,0.314,10.695,High
757,765,YTLIPHDFG,1,13.58,12.10-12.12,5,0.070,-0.000,342425,1064.341,1064.312,0.9037,1.281,1.281,43.143,Medium
757,765,YTLIPHDFG,2,13.58,11.97-12.36,88,0.022,-0.001,42107955,532.655,532.665,0.9122,0.579,1.159,41.127,High
757,772,YTLIPHDFGMKKPPLL,2,14.16,14.08-14.41,75,0.054,-0.002,13404559,938.060,938.071,0.9018,1.976,3.953,70.186,Medium
757,772,YTLIPHDFGMKKPPLL,3,14.16,13.98-14.36,86,0.029,-0.002,30638721,625.716,625.731,0.9160,1.316,3.948,70.539,High
757,772,YTLIPHDFGMKKPPLL,4,14.16,14.00-14.20,45,0.019,-0.002,1861979,469.544,469.555,0.9320,0.997,3.988,71.901,Medium
757,775,YTLIPHDFGMKKPPLLNNA,2,14.72,12.96-13.27,69,0.068,-0.004,22915337,1088.596,1088.618,0.9242,2.847,5.693,77.600,High
757,775,YTLIPHDFGMKKPPLLNNA,3,14.72,13.00-13.28,64,0.037,-0.003,97724448,726.061,726.058,0.9029,1.880,5.640,73.854,High
757,776,YTLIPHDFGMKKPPLLNNAD,2,14.48,0.00-0.00,0,,,,,,0.0000,,,,Low
757,776,YTLIPHDFGMKKPPLLNNAD,3,14.48,12.78-12.79,5,0.039,-0.003,2304292,764.552,764.550,0.8959,2.020,6.060,78.186,Medium
757,779,YTLIPHDFGMKKPPLLNNADSVQ,2,12.48,12.57-12.95,86,0.089,-0.004,5521517,1303.890,1303.876,0.9234,3.566,7.132,73.433,Medium
757,779,YTLIPHDFGMKKPPLLNNADSVQ,3,12.48,12.68-12.91,52,0.048,-0.003,51103385,869.617,869.620,0.9047,2.296,6.889,71.943,High
757,779,YTLIPHDFGMKKPPLLNNADSVQ,4,12.48,12.69-12.95,60,0.031,-0.003,12079314,652.466,652.467,0.8995,1.719,6.874,71.352,Medium
757,780,YTLIPHDFGMKKPPLLNNADSVQA,3,12.88,12.75-12.87,29,0.051,-0.004,2714841,893.379,893.414,0.8959,2.379,7.138,70.344,Medium
757,784,YTLIPHDFGMKKPPLLNNADSVQAKAEM,3,12.96,12.83-12.85,6,0.064,-0.003,1302492,1046.651,1046.651,0.9231,2.454,7.363,56.996,High
757,784,YTLIPHDFGMKKPPLLNNADSVQAKAEM,4,12.96,12.74-12.83,21,0.042,-0.003,1737278,785.294,785.287,0.9258,1.899,7.597,57.735,High
773,784,NNADSVQAKAEM,2,5.61,5.55-5.71,37,0.029,-0.001,1230374,640.738,640.774,0.8912,1.078,2.156,39.231,Medium
776,784,DSVQAKAEM,1,5.90,4.99-5.47,108,0.057,0.001,1206131,979.442,979.572,0.8879,0.654,0.654,14.666,Medium
776,784,DSVQAKAEM,2,5.90,5.09-5.63,122,0.022,0.000,6845724,490.287,490.313,0.8735,0.302,0.604,13.483,Medium
791,798,IEVAYSLL,1,15.00,14.15-14.17,5,0.053,0.002,1327015,908.088,908.068,0.9378,0.107,0.107,2.822,Medium
799,811,RGGSDDSSKDPID,2,4.15,4.68-5.08,90,0.034,-0.003,1111331,676.741,676.724,0.8874,1.600,3.200,88.897,Medium
799,813,RGGSDDSSKDPIDVN,2,6.50,0.00-0.00,0,,,,,,0.0000,,,,Low
799,814,RGGSDDSSKDPIDVNY,2,7.80,7.80-8.36,126,0.048,-0.002,50001710,864.908,864.928,0.9125,1.562,3.125,60.960,Medium
799,814,RGGSDDSSKDPIDVNY,3,7.80,7.85-7.87,5,0.025,-0.002,979870,577.002,577.004,0.8958,1.089,3.268,61.968,High
799,830,RGGSDDSSKDPIDVNYEKLKTDIKVVDRDSEE,4,12.57,12.49-12.54,14,0.054,-0.001,1359191,905.205,905.187,0.9094,1.485,5.941,43.341,High
815,829,EKLKTDIKVVDRDSE,2,7.33,11.04-11.61,129,0.059,-0.041,13115738,891.660,891.624,0.8079,3.218,6.436,79.043,Medium
815,830,EKLKTDIKVVDRDSEE,2,5.75,6.35-6.91,127,0.057,-0.001,9613194,954.605,954.615,0.9302,1.644,3.289,42.119,High
815,830,EKLKTDIKVVDRDSEE,3,5.75,6.36-6.78,94,0.033,-0.001,14239953,636.742,636.743,0.9032,1.081,3.243,43.035,High
815,831,EKLKTDIKVVDRDSEEA,3,7.94,6.67-6.69,5,0.032,-0.002,542000,660.581,660.569,0.9041,1.207,3.621,42.858,High
818,830,KTDIKVVDRDSEE,2,4.59,5.14-5.23,21,0.042,-0.003,725102,769.441,769.486,0.8893,0.000,0.000,0.000,Medium
818,830,KTDIKVVDRDSEE,3,4.59,5.12-5.28,37,0.022,-0.002,1262550,513.273,513.290,0.8890,1.052,3.156,60.734,Medium
818,831,KTDIKVVDRDSEEA,2,6.21,5.37-5.45,19,0.043,-0.002,410069,804.993,805.023,0.9034,1.737,3.475,55.336,High
818,832,KTDIKVVDRDSEEAE,2,5.47,0.00-0.00,0,,,,,,0.0000,,,,Low
818,832,KTDIKVVDRDSEEAE,3,5.47,5.37-5.80,99,0.026,-0.002,4126786,580.019,580.027,0.9187,1.121,3.362,49.334,Medium
820,830,DIKVVDRDSEE,2,6.15,5.35-5.79,99,0.033,-0.003,5787547,654.647,654.644,0.8939,1.496,2.992,63.332,Medium
820,832,DIKVVDRDSEEAE,2,4.97,5.58-5.91,76,0.039,-0.003,4528651,754.811,754.852,0.9027,1.572,3.143,54.150,Medium
831,850,AEIIRKYVKNTHATTHNAYD,3,8.05,6.70-6.87,37,0.043,-0.002,5295146,784.392,784.395,0.9175,1.560,4.680,49.643,Medium
831,851,AEIIRKYVKNTHATTHNAYDL,3,10.41,8.66-9.02,80,0.045,-0.002,12081363,822.150,822.207,0.8968,1.564,4.693,47.479,Medium
831,853,AEIIRKYVKNTHATTHNAYDLEV,3,9.12,9.42-9.62,45,0.053,-0.002,702819,898.587,898.574,0.8502,2.009,6.026,56.099,Medium
832,850,EIIRKYVKNTHATTHNAYD,3,7.44,6.33-6.78,101,0.043,-0.001,5305107,760.618,760.626,0.9217,1.445,4.334,51.580,Medium
832,851,EIIRKYVKNTHATTHNAYDL,3,9.93,7.09-7.25,37,0.043,-0.002,7682927,798.563,798.571,0.9138,1.704,5.111,57.692,Medium
833,850,IIRKYVKNTHATTHNAYD,2,6.59,0.00-0.00,0,,,,,,0.0000,,,,Low
833,850,IIRKYVKNTHATTHNAYD,3,6.59,5.55-5.83,64,0.036,-0.002,12666194,717.603,717.611,0.9175,1.485,4.456,57.211,High
833,851,IIRKYVKNTHATTHNAYDL,2,8.87,7.53-8.29,171,0.076,-0.002,2137283,1132.670,1132.560,0.7630,2.577,5.155,58.013,Medium
833,851,IIRKYVKNTHATTHNAYDL,3,8.87,7.81-7.83,5,0.040,-0.003,1306146,755.487,755.493,0.9139,1.664,4.991,60.133,Medium
834,850,IRKYVKNTHATTHNAYD,2,6.01,0.00-0.00,0,,,,,,0.0000,,,,Low
834,850,IRKYVKNTHATTHNAYD,3,6.01,5.17-5.25,19,0.034,-0.002,1068246,679.881,679.905,0.9109,1.481,4.444,66.455,High
834,851,IRKYVKNTHATTHNAYDL,3,8.52,5.50-5.91,93,0.036,-0.002,14895589,717.594,717.595,0.9191,1.482,4.446,56.524,Medium
857,865,FKIEREGEC,1,8.10,0.00-0.00,0,,,,,,0.0000,,,,Low
857,865,FKIEREGEC,2,8.10,6.96-7.44,108,0.026,-0.000,18503782,556.763,556.815,0.8760,0.685,1.371,39.084,Medium
858,889,KIEREGECQRYKPFKQLHNRRLLWHGSRTTNF,5,12.48,10.85-10.97,27,0.045,-0.001,5337336,807.967,807.970,0.9381,1.058,5.291,37.659,Medium
890,896,AGILSQG,1,6.52,6.31-6.93,139,0.033,0.001,69763537,645.780,645.745,0.9073,0.111,0.111,3.631,Medium
890,909,AGILSQGLRIAPPEAPVTGY,2,12.60,12.79-13.11,72,0.061,-0.001,4317948,1007.888,1007.905,0.9097,1.734,3.469,36.933,Medium
894,910,SQGLRIAPPEAPVTGYM,2,11.38,11.30-11.83,121,0.054,-0.003,52620320,896.668,896.711,0.9018,2.177,4.354,58.873,High
894,916,SQGLRIAPPEAPVTGYMFGKGIY,3,14.89,14.73-15.05,71,0.046,-0.003,1790994,820.485,820.480,0.8991,1.864,5.592,48.753,Medium
897,911,LRIAPPEAPVTGYMF,2,14.82,14.85-15.10,57,0.050,-0.003,4834660,834.187,834.032,0.7829,1.975,3.949,39.495,Medium
910,917,MFGKGIYF,2,16.78,14.89-14.90,5,0.019,-0.000,476131,482.386,482.403,0.8934,0.378,0.756,23.004,Medium
911,916,FGKGIY,1,9.08,7.75-8.39,145,0.034,0.000,56367556,685.454,685.266,0.8261,0.000,0.000,0.000,Medium
911,916,FGKGIY,2,9.08,7.67-8.39,162,0.011,-0.001,78364248,343.140,343.153,0.8826,0.263,0.526,21.937,High
911,917,FGKGIYF,2,14.68,12.97-13.01,9,0.015,-0.000,1496792,416.694,416.717,0.8924,0.233,0.466,16.366,Medium
917,920,FADM,1,8.26,7.52-7.54,5,0.020,0.000,6473197,483.464,483.542,0.9112,0.027,0.027,3.125,Medium
921,937,VSKSANYCHTSQGDPIG,2,6.18,6.00-6.44,98,0.049,-0.001,11725325,884.388,884.395,0.9235,1.499,2.998,42.836,High
921,937,VSKSANYCHTSQGDPIG,3,6.18,6.09-6.31,51,0.027,-0.001,6423253,589.899,589.921,0.8974,0.967,2.901,41.784,Medium
921,940,VSKSANYCHTSQGDPIGLIL,2,14.39,14.20-14.36,37,0.069,-0.001,534971,1054.222,1054.193,0.8698,1.533,3.066,37.955,High
921,940,VSKSANYCHTSQGDPIGLIL,3,14.39,14.52-14.54,5,0.037,-0.001,1357005,703.017,703.064,0.8939,0.883,2.650,33.681,Medium
927,937,YCHTSQGDPIG,1,5.73,0.00-0.00,0,,,,,,0.0000,,,,Low
927,937,YCHTSQGDPIG,2,5.73,5.62-5.78,37,0.028,-0.002,9913259,590.640,590.663,0.8855,1.080,2.160,64.767,Medium
927,938,YCHTSQGDPIGL,2,9.10,9.01-9.17,37,0.030,-0.001,7932801,647.156,647.174,0.8972,0.985,1.971,58.346,Medium
939,949,ILLGEVALGNM,2,15.20,15.23-15.54,70,0.025,0.000,2893843,565.957,566.005,0.8638,0.304,0.608,14.037,Medium
944,949,VALGNM,1,8.74,7.57-7.58,3,0.027,-0.001,1472842,605.451,605.539,0.8821,0.827,0.827,35.094,Medium
950,957,YELKHASH,2,4.67,4.49-4.90,93,0.021,-0.002,278925,493.993,493.932,0.7919,1.001,2.001,79.546,Medium
950,981,YELKHASHISKLPKGKHSVKGLGKTTPDPSAN,3,6.26,6.25-6.83,131,0.078,-0.003,12128666,1145.156,1145.167,0.9475,1.903,5.710,48.243,Medium
950,981,YELKHASHISKLPKGKHSVKGLGKTTPDPSAN,4,6.26,6.24-6.59,80,0.049,-0.001,84562135,859.151,859.157,0.9211,1.433,5.732,47.531,High
950,981,YELKHASHISKLPKGKHSVKGLGKTTPDPSAN,5,6.26,6.27-6.57,68,0.035,-0.001,36955859,687.520,687.525,0.9203,1.148,5.740,47.664,High
952,981,LKHASHISKLPKGKHSVKGLGKTTPDPSAN,4,6.37,3.93-3.94,5,0.038,-0.001,341,786.211,786.363,0.2611,1.574,6.298,25.191,Low
982,1000,ISLDGVDVPLGTGISSGVN,2,13.45,13.32-13.45,29,0.053,-0.003,1840412,903.154,903.229,0.8959,2.185,4.370,48.674,Medium
982,1004,ISLDGVDVPLGTGISSGVNDTSL,2,14.77,14.46-15.02,126,0.071,-0.004,17844170,1112.173,1112.172,0.9231,2.982,5.965,52.918,High
982,1005,ISLDGVDVPLGTGISSGVNDTSLL,2,16.11,15.97-16.13,37,0.078,-0.005,1286797,1169.037,1169.120,0.9099,3.323,6.647,56.455,High
985,1005,DGVDVPLGTGISSGVNDTSLL,2,13.25,13.19-13.53,77,0.063,-0.003,10898451,1011.734,1011.749,0.8990,2.682,5.363,54.973,High
1009,1013,YIVYD,1,8.94,12.03-12.11,20,0.033,0.031,259854,673.359,673.707,0.6853,0.801,0.801,26.690,Low
1010,1013,IVYD,1,6.38,5.64-5.66,5,0.022,0.001,893359,509.526,509.556,0.9521,0.049,0.049,4.528,Medium
1013,1025,DIAQVNLKYLLKL,3,17.20,17.11-17.27,37,0.023,0.001,1737083,511.299,511.325,0.9564,0.024,0.072,0.952,Medium
1013,1027,DIAQVNLKYLLKLKF,2,17.64,17.52-17.53,4,0.051,0.002,82691,904.021,904.102,0.8817,0.000,0.000,0.000,Medium
1013,1027,DIAQVNLKYLLKLKF,3,17.64,17.38-17.51,30,0.029,0.001,977231,603.075,603.087,0.9437,0.024,0.073,0.824,High
1014,1019,IAQVNL,1,8.99,7.52-7.68,37,0.032,0.001,5634718,657.764,657.845,0.9223,0.081,0.081,3.152,Medium
1014,1027,IAQVNLKYLLKLKF,2,18.20,16.52-16.54,5,0.046,0.001,253711,846.498,846.557,0.9123,-0.019,-0.037,-0.311,High
1014,1027,IAQVNLKYLLKLKF,3,18.20,16.45-16.63,41,0.026,0.001,4648758,564.726,564.731,0.9658,0.028,0.083,1.010,High
1014,1033,IAQVNLKYLLKLKFNFKTSL,3,17.95,16.70-16.80,25,0.042,0.000,641259,795.934,795.955,0.9195,0.992,2.975,24.445,Medium
1016,1025,QVNLKYLLKL,1,16.85,0.00-0.00,0,,,,,,0.0000,,,,Low
1016,1025,QVNLKYLLKL,2,16.85,15.31-15.33,5,0.029,0.001,3274680,616.782,616.785,0.9629,0.038,0.076,1.303,High
1017,1025,VNLKYLLKL,2,15.04,15.18-15.23,12,0.025,0.001,5821919,552.711,552.710,0.9644,0.030,0.061,1.247,Medium
1017,1025,VNLKYLLKL,3,15.04,15.26-15.28,5,0.013,0.000,548464,368.805,368.829,0.9229,0.052,0.156,3.139,High
1017,1027,VNLKYLLKLKF,2,16.08,16.03-16.05,5,0.034,0.001,1107419,690.407,690.406,0.9367,0.061,0.121,1.977,Medium
1017,1027,VNLKYLLKLKF,3,16.08,15.96-16.17,49,0.020,0.000,12428765,460.598,460.592,0.9434,0.044,0.131,2.087,High
1020,1025,KYLLKL,2,10.62,10.89-11.40,115,0.015,0.000,35676103,389.521,389.528,0.9397,0.019,0.038,1.675,Medium
1020,1027,KYLLKLKF,1,14.35,0.00-0.00,0,,,,,,0.0000,,,,Low
1020,1027,KYLLKLKF,2,14.35,12.71-12.87,37,0.023,0.001,32128096,527.179,527.184,0.9748,0.021,0.042,1.011,Medium
1022,1027,LLKLKF,2,11.92,12.21-12.68,106,0.014,0.000,15497381,381.492,381.510,0.9494,-0.003,-0.006,-0.235,Medium
1022,1029,LLKLKFNF,2,14.99,15.26-15.42,37,0.022,-0.000,1746118,512.399,512.455,0.8905,0.315,0.631,16.352,High
1024,1033,KLKFNFKTSL,3,11.33,11.49-11.73,54,0.015,-0.003,4214982,410.573,410.616,0.8807,1.093,3.278,63.954,Medium
1026,1033,KFNFKTSL,2,12.29,10.49-10.57,20,0.022,-0.019,40101956,495.590,495.586,0.5620,2.540,5.080,84.663,Low
